{
  "index_patterns": [ "content_tariff_*" ],
  "settings": {
    "number_of_shards": 1,
    "number_of_replicas": 1,
    "index.unassigned.node_left.delayed_timeout": "15m",
    "index.mapping.ignore_malformed": true
  },
  "aliases": {
    "Content_Charges": {}
  },
  "mappings": {
    "properties": {
      "HSNumber": { "type": "keyword" },
      "Country": { "type": "keyword" },
      "HSBreakout": {
        "properties": {
          "Chapter": { "type": "keyword" },
          "Heading": { "type": "keyword" },
          "Subheading": { "type": "keyword" },
          "Tariff": { "type": "keyword" }
        }
      },
      "UOMs": { "type": "text" },
      "Uses": { "type": "keyword" },
      "ProdClassificationDetailGUID": { "type": "keyword" },
      "CountryCodes": { "type": "keyword" },
      "StartDate": { "type": "date" },
      "EndDate": { "type": "date" },
      "Charges": {
        "type": "nested",
        "properties": {
          "GroupCode": { "type": "keyword" },
          "ChargeDetailGUID": { "type": "keyword" },
          "UIRate": { "type": "keyword" },
          "CurrencyCode": { "type": "keyword" },
          "Calculation": {
            "properties": {
              "Formula": { "type": "keyword" },
              "RateA": { "type": "float" },
              "RateAMath": { "type": "keyword" },
              "RateAUOM": { "type": "keyword" },
              "RateAUOMAmount": { "type": "float" },
              "RateB": { "type": "float" },
              "RateBMath": { "type": "keyword" },
              "RateBUOM": { "type": "keyword" },
              "RateBUOMAmount": { "type": "float" },
              "RateC": { "type": "float" },
              "RateCMath": { "type": "keyword" },
              "RateCUOM": { "type": "keyword" },
              "RateCUOMAmount": { "type": "float" },
              "MinFormula": { "type": "keyword" },
              "MinRateA": { "type": "float" },
              "MinRateAMath": { "type": "keyword" },
              "MinRateAUOM": { "type": "keyword" },
              "MinRateAUOMAmount": { "type": "float" },
              "MinRateB": { "type": "float" },
              "MinRateBMath": { "type": "keyword" },
              "MinRateBUOM": { "type": "keyword" },
              "MinRateBUOMAmount": { "type": "float" },
              "MinRateC": { "type": "float" },
              "MinRateCMath": { "type": "keyword" },
              "MinRateCUOM": { "type": "keyword" },
              "MinRateCUOMAmount": { "type": "float" },
              "MaxFormula": { "type": "keyword" },
              "MaxRateA": { "type": "float" },
              "MaxRateAMath": { "type": "keyword" },
              "MaxRateAUOM": { "type": "keyword" },
              "MaxRateAUOMAmount": { "type": "float" },
              "MaxRateB": { "type": "float" },
              "MaxRateBMath": { "type": "keyword" },
              "MaxRateBUOM": { "type": "keyword" },
              "MaxRateBUOMAmount": { "type": "float" },
              "MaxRateC": { "type": "float" },
              "MaxRateCMath": { "type": "keyword" },
              "MaxRateCUOM": { "type": "keyword" },
              "MaxRateCUOMAmount": { "type": "float" }
            }
          },
          "MinUICharge": { "type": "keyword" },
          "MaxUICharge": { "type": "keyword" },
          "ChargeStartDate": { "type": "date" },
          "ChargeEndDate": { "type": "date" },
          "ChargeUse": { "type": "keyword" },
          "ChargeType": { "type": "keyword" },
          "ChargeDetailCode": { "type": "keyword" },
          "ChargeDescription": { "type": "text" },
          "ExclusionCountries": { "type": "keyword" },
          "Notes": {
            "type": "nested",
            "properties": {
              "CultureCode": { "type": "keyword" },
              "NoteText": { "type": "text" }
            }
          }
        }
      },
      "Descriptions": {
        "type": "nested",
        "properties": {
          "CultureCode": { "type": "keyword" },
          "DescriptionText": { "type": "text" }
        }
      }
    }
  }
}
